{
	"name": "5chym",
	"orderId": "5chym",
	"People": [
		{
			"name": "Person3",
			"position": {
				"x": -6.97,
				"y": 0.0,
				"z": 0.0,
				"normalized": {
					"x": -1.0,
					"y": 0.0,
					"z": 0.0,
					"magnitude": 1.0,
					"sqrMagnitude": 1.0
				},
				"magnitude": 6.97,
				"sqrMagnitude": 48.5809
			},
			"rotation": {
				"x": 0.0,
				"y": 0.0,
				"z": 0.0,
				"w": 1.0,
				"eulerAngles": {
					"x": 0.0,
					"y": 0.0,
					"z": 0.0,
					"magnitude": 0.0,
					"sqrMagnitude": 0.0
				}
			},
			"scale": {
				"x": 1.0,
				"y": 1.0,
				"z": 1.0,
				"normalized": {
					"x": 0.577350259,
					"y": 0.577350259,
					"z": 0.577350259,
					"magnitude": 1.0,
					"sqrMagnitude": 0.99999994
				},
				"magnitude": 1.73205078,
				"sqrMagnitude": 3.0
			},
			"DefaultAnimation": "Idle_Waving",
			"Animations": null
		},
		{
			"name": "Person2",
			"position": {
				"x": 7.35,
				"y": 0.0,
				"z": 4.67,
				"normalized": {
					"x": 0.844039559,
					"y": 0.0,
					"z": 0.53628093,
					"magnitude": 1.0,
					"sqrMagnitude": 1.0
				},
				"magnitude": 8.708122,
				"sqrMagnitude": 75.8314
			},
			"rotation": {
				"x": 0.0,
				"y": 0.0,
				"z": 0.0,
				"w": 1.0,
				"eulerAngles": {
					"x": 0.0,
					"y": 0.0,
					"z": 0.0,
					"magnitude": 0.0,
					"sqrMagnitude": 0.0
				}
			},
			"scale": {
				"x": 1.0,
				"y": 1.0,
				"z": 1.0,
				"normalized": {
					"x": 0.577350259,
					"y": 0.577350259,
					"z": 0.577350259,
					"magnitude": 1.0,
					"sqrMagnitude": 0.99999994
				},
				"magnitude": 1.73205078,
				"sqrMagnitude": 3.0
			},
			"DefaultAnimation": "Waving",
			"Animations": null
		},
		{
			"name": "Person1",
			"position": {
				"x": -7.58,
				"y": 0.0,
				"z": 7.06,
				"normalized": {
					"x": -0.731761158,
					"y": 0.0,
					"z": 0.6815612,
					"magnitude": 1.0,
					"sqrMagnitude": 1.0
				},
				"magnitude": 10.3585711,
				"sqrMagnitude": 107.299995
			},
			"rotation": {
				"x": 0.0,
				"y": 0.0,
				"z": 0.0,
				"w": 1.0,
				"eulerAngles": {
					"x": 0.0,
					"y": 0.0,
					"z": 0.0,
					"magnitude": 0.0,
					"sqrMagnitude": 0.0
				}
			},
			"scale": {
				"x": 1.0,
				"y": 1.0,
				"z": 1.0,
				"normalized": {
					"x": 0.577350259,
					"y": 0.577350259,
					"z": 0.577350259,
					"magnitude": 1.0,
					"sqrMagnitude": 0.99999994
				},
				"magnitude": 1.73205078,
				"sqrMagnitude": 3.0
			},
			"DefaultAnimation": "FemaleIdle",
			"Animations": null
		}
	],
	"Animals": null,
	"StaticProps": null,
	"DynamicProps": null,
	"SpecialProps": null,
	"Text": null
}
