{
	"name": "5chym",
	"orderId": "5chym",
	"Base": [
		{
			"name": "hexagon_snow",
			"position": {
				"x": 0.0,
				"y": 0.0,
				"z": 0.0,
				"magnitude": 0.0,
				"sqrMagnitude": 0.0
			},
			"rotation": {
				"x": 0.0,
				"y": 0.0,
				"z": 0.0,
				"w": 1.0,
				"eulerAngles": {
					"x": 0.0,
					"y": 0.0,
					"z": 0.0,
					"magnitude": 0.0,
					"sqrMagnitude": 0.0
				}
			},
			"scale": {
				"x": 1.0,
				"y": 0.25,
				"z": 1.0,
				"normalized": {
					"x": 0.696310639,
					"y": 0.17407766,
					"z": 0.696310639,
					"magnitude": 1.0,
					"sqrMagnitude": 1.0
				},
				"magnitude": 1.43614066,
				"sqrMagnitude": 2.0625
			},
			"DefaultAnimations": null,
			"Animations": null
		}
	],
	"People": [
		{
			"name": "Lotus-CustomizableCharacter (1)",
			"position": {
				"x": 5.16,
				"y": 1.0,
				"z": 0.0,
				"normalized": {
					"x": 0.981734037,
					"y": 0.190258548,
					"z": 0.0,
					"magnitude": 1.0,
					"sqrMagnitude": 1.0
				},
				"magnitude": 5.256006,
				"sqrMagnitude": 27.6255989
			},
			"rotation": {
				"x": 0.0,
				"y": 0.0,
				"z": 0.0,
				"w": 1.0,
				"eulerAngles": {
					"x": 0.0,
					"y": 0.0,
					"z": 0.0,
					"magnitude": 0.0,
					"sqrMagnitude": 0.0
				}
			},
			"scale": {
				"x": 3.0,
				"y": 3.0,
				"z": 3.0,
				"normalized": {
					"x": 0.5773503,
					"y": 0.5773503,
					"z": 0.5773503,
					"normalized": {
						"x": 0.577350259,
						"y": 0.577350259,
						"z": 0.577350259,
						"magnitude": 1.0,
						"sqrMagnitude": 0.99999994
					},
					"magnitude": 1.00000012,
					"sqrMagnitude": 1.00000012
				},
				"magnitude": 5.196152,
				"sqrMagnitude": 27.0
			},
			"DefaultAnimations": "MaleIdle",
			"Animations": null
		},
		{
			"name": "Lotus-CustomizableCharacter",
			"position": {
				"x": 0.0,
				"y": 1.0,
				"z": 0.0,
				"magnitude": 1.0,
				"sqrMagnitude": 1.0
			},
			"rotation": {
				"x": 0.0,
				"y": 0.0,
				"z": 0.0,
				"w": 1.0,
				"eulerAngles": {
					"x": 0.0,
					"y": 0.0,
					"z": 0.0,
					"magnitude": 0.0,
					"sqrMagnitude": 0.0
				}
			},
			"scale": {
				"x": 3.0,
				"y": 3.0,
				"z": 3.0,
				"normalized": {
					"x": 0.5773503,
					"y": 0.5773503,
					"z": 0.5773503,
					"normalized": {
						"x": 0.577350259,
						"y": 0.577350259,
						"z": 0.577350259,
						"magnitude": 1.0,
						"sqrMagnitude": 0.99999994
					},
					"magnitude": 1.00000012,
					"sqrMagnitude": 1.00000012
				},
				"magnitude": 5.196152,
				"sqrMagnitude": 27.0
			},
			"DefaultAnimations": "MaleIdle",
			"Animations": null
		}
	],
	"Animals": [
		{
			"name": "Cat Orange",
			"position": {
				"x": 0.0,
				"y": 0.0,
				"z": 10.0,
				"normalized": {
					"x": 0.0,
					"y": 0.0,
					"z": 1.0,
					"magnitude": 1.0,
					"sqrMagnitude": 1.0
				},
				"magnitude": 10.0,
				"sqrMagnitude": 100.0
			},
			"rotation": {
				"x": 0.0,
				"y": 0.0,
				"z": 0.0,
				"w": 1.0,
				"eulerAngles": {
					"x": 0.0,
					"y": 0.0,
					"z": 0.0,
					"magnitude": 0.0,
					"sqrMagnitude": 0.0
				}
			},
			"scale": {
				"x": 5.0,
				"y": 5.0,
				"z": 5.0,
				"normalized": {
					"x": 0.577350259,
					"y": 0.577350259,
					"z": 0.577350259,
					"magnitude": 1.0,
					"sqrMagnitude": 0.99999994
				},
				"magnitude": 8.66025448,
				"sqrMagnitude": 75.0
			},
			"DefaultAnimations": "Cat_idle",
			"Animations": null
		}
	],
	"StaticProps": [],
	"DynamicProps": [],
	"SpecialProps": [],
	"Text": [
		{
			"name": "Text (TMP)",
			"position": {
				"x": 0.0,
				"y": 7.97,
				"z": 0.0,
				"normalized": {
					"x": 0.0,
					"y": 1.0,
					"z": 0.0,
					"magnitude": 1.0,
					"sqrMagnitude": 1.0
				},
				"magnitude": 7.97,
				"sqrMagnitude": 63.5208969
			},
			"rotation": {
				"x": 0.0,
				"y": 0.0,
				"z": 0.0,
				"w": 1.0,
				"eulerAngles": {
					"x": 0.0,
					"y": 0.0,
					"z": 0.0,
					"magnitude": 0.0,
					"sqrMagnitude": 0.0
				}
			},
			"scale": {
				"x": 1.0,
				"y": 1.0,
				"z": 1.0,
				"normalized": {
					"x": 0.577350259,
					"y": 0.577350259,
					"z": 0.577350259,
					"magnitude": 1.0,
					"sqrMagnitude": 0.99999994
				},
				"magnitude": 1.73205078,
				"sqrMagnitude": 3.0
			},
			"DefaultAnimations": null,
			"Animations": null
		}
	]
}
