{
	"name": "1abpb",
	"orderId": "1abpb",
	"People": [
		{
			"name": "Person1",
			"position": {
				"x": 0.0,
				"y": 0.0,
				"z": 0.0,
				"magnitude": 0.0,
				"sqrMagnitude": 0.0
			},
			"rotation": {
				"x": 0.0,
				"y": 0.0,
				"z": 0.0,
				"w": 1.0,
				"eulerAngles": {
					"x": 0.0,
					"y": 0.0,
					"z": 0.0,
					"magnitude": 0.0,
					"sqrMagnitude": 0.0
				}
			},
			"scale": {
				"x": 1.0,
				"y": 1.0,
				"z": 1.0,
				"normalized": {
					"x": 0.577350259,
					"y": 0.577350259,
					"z": 0.577350259,
					"magnitude": 1.0,
					"sqrMagnitude": 0.99999994
				},
				"magnitude": 1.73205078,
				"sqrMagnitude": 3.0
			},
			"DefaultAnimation": "Waving",
			"Animations": null
		}
	],
	"Animals": [
		{
			"name": "Animal1",
			"position": {
				"x": 0.0,
				"y": 0.0,
				"z": 0.0,
				"magnitude": 0.0,
				"sqrMagnitude": 0.0
			},
			"rotation": {
				"x": 0.0,
				"y": 0.0,
				"z": 0.0,
				"w": 1.0,
				"eulerAngles": {
					"x": 0.0,
					"y": 0.0,
					"z": 0.0,
					"magnitude": 0.0,
					"sqrMagnitude": 0.0
				}
			},
			"scale": {
				"x": 1.0,
				"y": 1.0,
				"z": 1.0,
				"normalized": {
					"x": 0.577350259,
					"y": 0.577350259,
					"z": 0.577350259,
					"magnitude": 1.0,
					"sqrMagnitude": 0.99999994
				},
				"magnitude": 1.73205078,
				"sqrMagnitude": 3.0
			},
			"DefaultAnimation": "Cat_idle",
			"Animations": null
		}
	],
	"StaticProps": null,
	"DynamicProps": null,
	"SpecialProps": null,
	"Text": null
}
