{
	"name": "5chym",
	"orderId": "5chym",
	"People": [
		{
			"name": "Person3",
			"position": {
				"x": 0.53,
				"y": 0.0,
				"z": 9.25,
				"normalized": {
					"x": 0.0572034754,
					"y": 0.0,
					"z": 0.9983626,
					"normalized": {
						"x": 0.0572034679,
						"y": 0.0,
						"z": 0.9983625,
						"normalized": {
							"x": 0.05720347,
							"y": 0.0,
							"z": 0.998362541,
							"magnitude": 1.0,
							"sqrMagnitude": 1.0
						},
						"magnitude": 0.99999994,
						"sqrMagnitude": 0.9999999
					},
					"magnitude": 1.00000012,
					"sqrMagnitude": 1.00000012
				},
				"magnitude": 9.265171,
				"sqrMagnitude": 85.8434
			},
			"rotation": {
				"x": 0.0,
				"y": 0.0,
				"z": 0.0,
				"w": 1.0,
				"eulerAngles": {
					"x": 0.0,
					"y": 0.0,
					"z": 0.0,
					"magnitude": 0.0,
					"sqrMagnitude": 0.0
				}
			},
			"scale": {
				"x": 1.0,
				"y": 1.0,
				"z": 1.0,
				"normalized": {
					"x": 0.577350259,
					"y": 0.577350259,
					"z": 0.577350259,
					"magnitude": 1.0,
					"sqrMagnitude": 0.99999994
				},
				"magnitude": 1.73205078,
				"sqrMagnitude": 3.0
			},
			"DefaultAnimation": "Waving",
			"Animations": null
		},
		{
			"name": "Person2",
			"position": {
				"x": 7.35,
				"y": 0.0,
				"z": 4.67,
				"normalized": {
					"x": 0.844039559,
					"y": 0.0,
					"z": 0.53628093,
					"magnitude": 1.0,
					"sqrMagnitude": 1.0
				},
				"magnitude": 8.708122,
				"sqrMagnitude": 75.8314
			},
			"rotation": {
				"x": 0.0,
				"y": 0.0,
				"z": 0.0,
				"w": 1.0,
				"eulerAngles": {
					"x": 0.0,
					"y": 0.0,
					"z": 0.0,
					"magnitude": 0.0,
					"sqrMagnitude": 0.0
				}
			},
			"scale": {
				"x": 1.0,
				"y": 1.0,
				"z": 1.0,
				"normalized": {
					"x": 0.577350259,
					"y": 0.577350259,
					"z": 0.577350259,
					"magnitude": 1.0,
					"sqrMagnitude": 0.99999994
				},
				"magnitude": 1.73205078,
				"sqrMagnitude": 3.0
			},
			"DefaultAnimation": "Waving",
			"Animations": null
		},
		{
			"name": "Person1",
			"position": {
				"x": -7.58,
				"y": 0.0,
				"z": 7.06,
				"normalized": {
					"x": -0.731761158,
					"y": 0.0,
					"z": 0.6815612,
					"magnitude": 1.0,
					"sqrMagnitude": 1.0
				},
				"magnitude": 10.3585711,
				"sqrMagnitude": 107.299995
			},
			"rotation": {
				"x": 0.0,
				"y": 0.0,
				"z": 0.0,
				"w": 1.0,
				"eulerAngles": {
					"x": 0.0,
					"y": 0.0,
					"z": 0.0,
					"magnitude": 0.0,
					"sqrMagnitude": 0.0
				}
			},
			"scale": {
				"x": 1.0,
				"y": 1.0,
				"z": 1.0,
				"normalized": {
					"x": 0.577350259,
					"y": 0.577350259,
					"z": 0.577350259,
					"magnitude": 1.0,
					"sqrMagnitude": 0.99999994
				},
				"magnitude": 1.73205078,
				"sqrMagnitude": 3.0
			},
			"DefaultAnimation": "FemaleIdle",
			"Animations": null
		}
	],
	"Animals": [
		{
			"name": "Try",
			"position": {
				"x": 0.0,
				"y": 0.0,
				"z": 0.0,
				"magnitude": 0.0,
				"sqrMagnitude": 0.0
			},
			"rotation": {
				"x": 0.0,
				"y": 0.0,
				"z": 0.0,
				"w": 1.0,
				"eulerAngles": {
					"x": 0.0,
					"y": 0.0,
					"z": 0.0,
					"magnitude": 0.0,
					"sqrMagnitude": 0.0
				}
			},
			"scale": {
				"x": 1.0,
				"y": 1.0,
				"z": 1.0,
				"normalized": {
					"x": 0.577350259,
					"y": 0.577350259,
					"z": 0.577350259,
					"magnitude": 1.0,
					"sqrMagnitude": 0.99999994
				},
				"magnitude": 1.73205078,
				"sqrMagnitude": 3.0
			},
			"DefaultAnimation": null,
			"Animations": null
		},
		{
			"name": "Cat_Black",
			"position": {
				"x": -1.87000012,
				"y": 0.0,
				"z": 12.15,
				"normalized": {
					"x": -0.152118325,
					"y": 0.0,
					"z": 0.988362253,
					"normalized": {
						"x": -0.15211834,
						"y": 0.0,
						"z": 0.9883623,
						"magnitude": 1.0,
						"sqrMagnitude": 1.0
					},
					"magnitude": 0.99999994,
					"sqrMagnitude": 0.99999994
				},
				"magnitude": 12.2930632,
				"sqrMagnitude": 151.119385
			},
			"rotation": {
				"x": 0.0,
				"y": 0.0,
				"z": 0.0,
				"w": 1.0,
				"eulerAngles": {
					"x": 0.0,
					"y": 0.0,
					"z": 0.0,
					"magnitude": 0.0,
					"sqrMagnitude": 0.0
				}
			},
			"scale": {
				"x": 5.0,
				"y": 5.0,
				"z": 5.0,
				"normalized": {
					"x": 0.577350259,
					"y": 0.577350259,
					"z": 0.577350259,
					"magnitude": 1.0,
					"sqrMagnitude": 0.99999994
				},
				"magnitude": 8.66025448,
				"sqrMagnitude": 75.0
			},
			"DefaultAnimation": "Cat_idle",
			"Animations": null
		},
		{
			"name": "Cat_White",
			"position": {
				"x": 2.81,
				"y": 0.0,
				"z": 12.15,
				"normalized": {
					"x": 0.225328,
					"y": 0.0,
					"z": 0.974283,
					"magnitude": 1.0,
					"sqrMagnitude": 1.0
				},
				"magnitude": 12.4707088,
				"sqrMagnitude": 155.518585
			},
			"rotation": {
				"x": 0.0,
				"y": 0.0,
				"z": 0.0,
				"w": 1.0,
				"eulerAngles": {
					"x": 0.0,
					"y": 0.0,
					"z": 0.0,
					"magnitude": 0.0,
					"sqrMagnitude": 0.0
				}
			},
			"scale": {
				"x": 5.0,
				"y": 5.0,
				"z": 5.0,
				"normalized": {
					"x": 0.577350259,
					"y": 0.577350259,
					"z": 0.577350259,
					"magnitude": 1.0,
					"sqrMagnitude": 0.99999994
				},
				"magnitude": 8.66025448,
				"sqrMagnitude": 75.0
			},
			"DefaultAnimation": "Cat_idle",
			"Animations": null
		},
		{
			"name": "Cat_Orange",
			"position": {
				"x": 1.12999988,
				"y": 0.0,
				"z": 12.15,
				"normalized": {
					"x": 0.0926044658,
					"y": 0.0,
					"z": 0.995703,
					"magnitude": 1.0,
					"sqrMagnitude": 1.0
				},
				"magnitude": 12.2024336,
				"sqrMagnitude": 148.899384
			},
			"rotation": {
				"x": 0.0,
				"y": 0.0,
				"z": 0.0,
				"w": 1.0,
				"eulerAngles": {
					"x": 0.0,
					"y": 0.0,
					"z": 0.0,
					"magnitude": 0.0,
					"sqrMagnitude": 0.0
				}
			},
			"scale": {
				"x": 5.0,
				"y": 5.0,
				"z": 5.0,
				"normalized": {
					"x": 0.577350259,
					"y": 0.577350259,
					"z": 0.577350259,
					"magnitude": 1.0,
					"sqrMagnitude": 0.99999994
				},
				"magnitude": 8.66025448,
				"sqrMagnitude": 75.0
			},
			"DefaultAnimation": "Cat_idle",
			"Animations": null
		},
		{
			"name": "Cat_Black",
			"position": {
				"x": 4.21,
				"y": 0.0,
				"z": 12.15,
				"normalized": {
					"x": 0.32740435,
					"y": 0.0,
					"z": 0.9448843,
					"magnitude": 1.0,
					"sqrMagnitude": 0.99999994
				},
				"magnitude": 12.858717,
				"sqrMagnitude": 165.346588
			},
			"rotation": {
				"x": 0.0,
				"y": 0.0,
				"z": 0.0,
				"w": 1.0,
				"eulerAngles": {
					"x": 0.0,
					"y": 0.0,
					"z": 0.0,
					"magnitude": 0.0,
					"sqrMagnitude": 0.0
				}
			},
			"scale": {
				"x": 5.0,
				"y": 5.0,
				"z": 5.0,
				"normalized": {
					"x": 0.577350259,
					"y": 0.577350259,
					"z": 0.577350259,
					"magnitude": 1.0,
					"sqrMagnitude": 0.99999994
				},
				"magnitude": 8.66025448,
				"sqrMagnitude": 75.0
			},
			"DefaultAnimation": "Cat_idle",
			"Animations": null
		}
	],
	"StaticProps": null,
	"DynamicProps": null,
	"SpecialProps": null,
	"Text": null
}
